{"Maryland": {"('Age (years)', '18 - 24')": 18.6, "('Age (years)', '25 - 34')": 20.9, "('Age (years)', '35 - 44')": 22.25, "('Age (years)', '45 - 54')": 21.700000000000003, "('Age (years)', '55 - 64')": 24.400000000000002, "('Age (years)', '65 or older')": 30.5, "('Education', 'College graduate')": 13.475, "('Education', 'High school graduate')": 30.2, "('Education', 'Less than high school')": 42.599999999999994, "('Education', 'Some college or technical school')": 21.95, "('Gender', 'Female')": 25.5, "('Gender', 'Male')": 21.150000000000002, "('Income', '$15,000 - $24,999')": 36.666666666666664, "('Income', '$25,000 - $34,999')": 35.1, "('Income', '$35,000 - $49,999')": 26.6, "('Income', '$50,000 - $74,999')": 25.1, "('Income', '$75,000 or greater')": 14.166666666666666, "('Income', 'Data not reported')": 26.7, "('Income', 'Less than $15,000')": 38.9, "('Race/Ethnicity', '2 or more races')": 25.5, "('Race/Ethnicity', 'American Indian/Alaska Native')": 24.700000000000003, "('Race/Ethnicity', 'Asian')": 20.7, "('Race/Ethnicity', 'Hawaiian/Pacific Islander')": 25.6, "('Race/Ethnicity', 'Hispanic')": 30.066666666666663, "('Race/Ethnicity', 'Non-Hispanic Black')": 23.7, "('Race/Ethnicity', 'Non-Hispanic White')": 19.2, "('Race/Ethnicity', 'Other')": 19.4, "('Total', 'Total')": 23.6}}